gender,average_age
female,31.470588235294116
male,36.30769230769231
